<?xml version="1.0" encoding="UTF-8" ?>
<!DOCTYPE log4j:configuration SYSTEM "log4j.dtd">
<log4j:configuration xmlns:log4j='http://jakarta.apache.org/log4j/'>

<appender name="console" class="org.apache.log4j.ConsoleAppender">
<param name="Threshold" value="info"/>
<layout class="org.apache.log4j.PatternLayout">
<param name="ConversionPattern" value="%d %5p - %m%n"/>
</layout>
</appender>

<appender name="R" class="org.apache.log4j.rolling.RollingFileAppender">
<param name="Append" value="True" />

<rollingPolicy class="org.apache.log4j.rolling.TimeBasedRollingPolicy">
<param name="FileNamePattern" value="log/archive/benchmarksql.%d{yyyyMMddHHmm}.log"/>
<param name="ActiveFileName" value="log/benchmarksql.log"/>
</rollingPolicy>

<triggeringPolicy class="org.apache.log4j.rolling.SizeBasedTriggeringPolicy">
<param name="MaxFileSize" value="1"/>
</triggeringPolicy>


<layout class="org.apache.log4j.PatternLayout">
<param name="ConversionPattern" value="%5p\t[%d{yyyy-MM-dd HH:mm:ss.SSS}]\t%t \t%m%n"/>
</layout>

<filter class="org.apache.log4j.filter.StringMatchFilter">
<param name="StringToMatch" value ="\n" />
<param name="AcceptOnMatch" value="false" />
</filter>
</appender>


<appender name="E" class="org.apache.log4j.rolling.RollingFileAppender">
<param name="Append" value="True" />
<param name="Threshold" value="warn"/>
<rollingPolicy class="org.apache.log4j.rolling.TimeBasedRollingPolicy">
<param name="FileNamePattern" value="log/BenchmarkSQLError.%d.log"/>
<param name="ActiveFileName" value="log/BenchmarkSQLError.log"/>
</rollingPolicy>
<layout class="org.apache.log4j.PatternLayout">
<param name="ConversionPattern" value="%5p\t[%d{yyyy-MM-dd HH:mm:ss.SSS}]\t%t \t%m%n"/>
</layout>

</appender>



<root>
<priority value="info"/>
<appender-ref ref="console"/>
<appender-ref ref="R"/>
<appender-ref ref="E"/>
</root>

</log4j:configuration>

